INSERT INTO AUTORIZACOES_SNT (TIPO) VALUES ('TRANSPLANTE RIM');
INSERT INTO AUTORIZACOES_SNT (TIPO) VALUES ('TRANSPLANTE FIGADO');
INSERT INTO AUTORIZACOES_SNT (TIPO) VALUES ('TRANSPLANTE CORACAO');
INSERT INTO AUTORIZACOES_SNT (TIPO) VALUES ('TRANSPLANTE PULMAO');
INSERT INTO AUTORIZACOES_SNT (TIPO) VALUES ('TRANSPLANTE PANCREAS');

INSERT INTO TIPOS_EXAME (TIPO) VALUES ('HEMOGRAMA COMPLETO');
INSERT INTO TIPOS_EXAME (TIPO) VALUES ('URINA');
INSERT INTO TIPOS_EXAME (TIPO) VALUES ('CULTURA DE SANGUE');
INSERT INTO TIPOS_EXAME (TIPO) VALUES ('RAIO X');
INSERT INTO TIPOS_EXAME (TIPO) VALUES ('RESSONANCIA MAGNETICA');

INSERT INTO TIPO_ORGAO (NOME) VALUES ('RIM');
INSERT INTO TIPO_ORGAO (NOME) VALUES ('FIGADO');
INSERT INTO TIPO_ORGAO (NOME) VALUES ('CORACAO');
INSERT INTO TIPO_ORGAO (NOME) VALUES ('PULMAO');
INSERT INTO TIPO_ORGAO (NOME) VALUES ('PANCREAS');

INSERT INTO EQUIPAMENTO (TIPO, DESCRICAO) VALUES ('MAQUINA DE CIRCULACAO EXTRACORPOREA', 'ASSUME AS FUNÇÕES DO CORAÇÃO E DOS PULMÕES');
INSERT INTO EQUIPAMENTO (TIPO, DESCRICAO) VALUES ('COSTOTOMO', 'INSTRUMENTO PARA CORTAR COSTELAS');
INSERT INTO EQUIPAMENTO (TIPO, DESCRICAO) VALUES ('DESFIBRILADOR', 'EQUIPAMENTO PARA RESSUSCITACAO');

INSERT INTO ESPECIALIDADES_MEDICAS(NOME) VALUES ('CIRURGIA CARDIOVASCULAR');
INSERT INTO ESPECIALIDADES_MEDICAS(NOME) VALUES ('CIRURGIA GERAL');
INSERT INTO ESPECIALIDADES_MEDICAS(NOME) VALUES ('NEUROLOGIA');

INSERT INTO HOSPITAL (ID, CNES, NOME, CNPJ, ESTADO, CIDADE, BAIRRO, RUA, NUMERO, NUMERO_SALAS_INTERNACAO, NUMERO_SALAS_CIRURGIA)
    VALUES ('ABCDEF1234', '1234567','HOSPITAL SAO RODRIGO LIMA','12.345.678/0001-90','SP', 'SAO PAULO', 'CENTRO', 'RUA ALPHA', 100, 3, 2);
INSERT INTO HOSPITAL (ID, CNES, NOME, CNPJ, ESTADO, CIDADE, BAIRRO, RUA, NUMERO,NUMERO_SALAS_INTERNACAO, NUMERO_SALAS_CIRURGIA)
    VALUES ('4321FEDCBA', '7654321','HOSPITAL NOSSA SENHORA','98.765.432/0001-10','RJ', 'RIO DE JANEIRO', 'TIJUCA', 'RUA BETA', 200, 3, 2);
    
INSERT INTO AUTORIZACAO_HOSPITAL (HOSPITAL, AUTORIZACAO_SNT, VALIDADE_AUTORIZACAO) VALUES ('ABCDEF1234','TRANSPLANTE PANCREAS',DATE '2026-05-20');
INSERT INTO AUTORIZACAO_HOSPITAL (HOSPITAL, AUTORIZACAO_SNT, VALIDADE_AUTORIZACAO) VALUES ('4321FEDCBA','TRANSPLANTE CORACAO',DATE '2027-12-31');
INSERT INTO AUTORIZACAO_HOSPITAL (HOSPITAL, AUTORIZACAO_SNT, VALIDADE_AUTORIZACAO) VALUES ('4321FEDCBA','TRANSPLANTE FIGADO',DATE '2026-09-10');

INSERT INTO LABORATORIO (ID, HOSPITAL, NOME, ABERTURA, FECHAMENTO,ESTADO, CIDADE, BAIRRO, RUA, NUMERO) 
    VALUES ('111111', 'ABCDEF1234','LABORATORIO CENTRAL',INTERVAL '00:00' HOUR TO MINUTE, INTERVAL '23:59' HOUR TO MINUTE,'SP', 'SAO PAULO', 'CENTRO', 'RUA ALPHA', 100);
INSERT INTO LABORATORIO (ID, HOSPITAL, NOME, ABERTURA, FECHAMENTO,ESTADO, CIDADE, BAIRRO, RUA, NUMERO) 
    VALUES ('222222', '4321FEDCBA','LABORATORIO BIOQUIMICO',INTERVAL '06:30' HOUR TO MINUTE, INTERVAL '17:30' HOUR TO MINUTE,'RJ', 'RIO DE JANEIRO', 'TIJUCA', 'RUA BETA', 200);
INSERT INTO LABORATORIO (ID, HOSPITAL, NOME, ABERTURA, FECHAMENTO,ESTADO, CIDADE, BAIRRO, RUA, NUMERO) 
    VALUES ('333333', '4321FEDCBA','LABORATORIO ANALISE CLINICA',INTERVAL '08:00' HOUR TO MINUTE, INTERVAL '20:00' HOUR TO MINUTE,'RJ', 'RIO DE JANEIRO', 'TIJUCA', 'RUA BETA', 200);

INSERT INTO SALA (HOSPITAL, NUMERO, TEMPO_HIGIENIZACAO, INICIO_ULTIMA_LIMPEZA, TIPO) VALUES ('ABCDEF1234', 1, INTERVAL '15' MINUTE, TO_DATE('2025-11-15 08:00:00', 'YYYY/MM/DD HH24:MI:SS'), 'I');
INSERT INTO SALA (HOSPITAL, NUMERO, TEMPO_HIGIENIZACAO, INICIO_ULTIMA_LIMPEZA, TIPO) VALUES ('ABCDEF1234', 2, INTERVAL '30' MINUTE, TO_DATE('2025-05-15 09:30:00','YYYY-MM-DD HH24:MI:SS'), 'I');
INSERT INTO SALA (HOSPITAL, NUMERO, TEMPO_HIGIENIZACAO, INICIO_ULTIMA_LIMPEZA, TIPO) VALUES ('ABCDEF1234', 3, INTERVAL '30' MINUTE, TO_DATE('2025-05-15 09:30:00','YYYY-MM-DD HH24:MI:SS'), 'I');
INSERT INTO SALA (HOSPITAL, NUMERO, TEMPO_HIGIENIZACAO, INICIO_ULTIMA_LIMPEZA, TIPO) VALUES ('ABCDEF1234', 20, INTERVAL '1' HOUR, TO_DATE('2025-05-10 16:00:00','YYYY-MM-DD HH24:MI:SS'), 'C');
INSERT INTO SALA (HOSPITAL, NUMERO, TEMPO_HIGIENIZACAO, INICIO_ULTIMA_LIMPEZA, TIPO) VALUES ('ABCDEF1234', 21, INTERVAL '2' HOUR, TO_DATE('2025-05-10 18:00:00','YYYY-MM-DD HH24:MI:SS'), 'C');
INSERT INTO SALA (HOSPITAL, NUMERO, TEMPO_HIGIENIZACAO, INICIO_ULTIMA_LIMPEZA, TIPO) VALUES ('4321FEDCBA', 1, INTERVAL '30' MINUTE, TO_DATE('2025-11-12 18:00:00','YYYY-MM-DD HH24:MI:SS'), 'I');
INSERT INTO SALA (HOSPITAL, NUMERO, TEMPO_HIGIENIZACAO, INICIO_ULTIMA_LIMPEZA, TIPO) VALUES ('4321FEDCBA', 2, INTERVAL '30' MINUTE, TO_DATE('2025-10-15 06:00:00','YYYY-MM-DD HH24:MI:SS'), 'I');
INSERT INTO SALA (HOSPITAL, NUMERO, TEMPO_HIGIENIZACAO, INICIO_ULTIMA_LIMPEZA, TIPO) VALUES ('4321FEDCBA', 3, INTERVAL '15' MINUTE, TO_DATE('2025-10-30 14:00:00','YYYY-MM-DD HH24:MI:SS'), 'I');
INSERT INTO SALA (HOSPITAL, NUMERO, TEMPO_HIGIENIZACAO, INICIO_ULTIMA_LIMPEZA, TIPO) VALUES ('4321FEDCBA', 100, INTERVAL '2' HOUR, TO_DATE('2025-10-15 11:00:00','YYYY-MM-DD HH24:MI:SS'), 'C');
INSERT INTO SALA (HOSPITAL, NUMERO, TEMPO_HIGIENIZACAO, INICIO_ULTIMA_LIMPEZA, TIPO) VALUES ('4321FEDCBA', 101, INTERVAL '1:30' HOUR TO MINUTE, TO_DATE('2025-10-15 14:00:00','YYYY-MM-DD HH24:MI:SS'), 'C');

INSERT INTO SALA_INTERNACAO (HOSPITAL, NUMERO, NUMERO_LEITOS) VALUES ('ABCDEF1234', 1, 2);
INSERT INTO SALA_INTERNACAO (HOSPITAL, NUMERO, NUMERO_LEITOS) VALUES ('ABCDEF1234', 2, 1);
INSERT INTO SALA_INTERNACAO (HOSPITAL, NUMERO, NUMERO_LEITOS) VALUES ('ABCDEF1234', 3, 1);
INSERT INTO SALA_INTERNACAO (HOSPITAL, NUMERO, NUMERO_LEITOS) VALUES ('4321FEDCBA', 1, 1);
INSERT INTO SALA_INTERNACAO (HOSPITAL, NUMERO, NUMERO_LEITOS) VALUES ('4321FEDCBA', 2, 1);
INSERT INTO SALA_INTERNACAO (HOSPITAL, NUMERO, NUMERO_LEITOS) VALUES ('4321FEDCBA', 3, 2);

INSERT INTO SALA_CIRURGICA (HOSPITAL, NUMERO) VALUES ('ABCDEF1234', 20);
INSERT INTO SALA_CIRURGICA (HOSPITAL, NUMERO) VALUES ('ABCDEF1234', 21);
INSERT INTO SALA_CIRURGICA (HOSPITAL, NUMERO) VALUES ('4321FEDCBA', 100);
INSERT INTO SALA_CIRURGICA (HOSPITAL, NUMERO) VALUES ('4321FEDCBA', 101);

INSERT INTO EXAMES_DISPONIVEIS (LABORATORIO, TIPO) VALUES ('111111', 'URINA');
INSERT INTO EXAMES_DISPONIVEIS (LABORATORIO, TIPO) VALUES ('111111', 'HEMOGRAMA COMPLETO');
INSERT INTO EXAMES_DISPONIVEIS (LABORATORIO, TIPO) VALUES ('222222', 'HEMOGRAMA COMPLETO');
INSERT INTO EXAMES_DISPONIVEIS (LABORATORIO, TIPO) VALUES ('333333', 'CULTURA DE SANGUE');

INSERT INTO EQUIPAMENTO_SALA_CIRURGICA (HOSPITAL, NUMERO, TIPO_EQUIPAMENTO, QUANTIDADE) VALUES ('4321FEDCBA', 100, 'COSTOTOMO', 1);
INSERT INTO EQUIPAMENTO_SALA_CIRURGICA (HOSPITAL, NUMERO, TIPO_EQUIPAMENTO, QUANTIDADE) VALUES ('4321FEDCBA', 101, 'COSTOTOMO', 1);
INSERT INTO EQUIPAMENTO_SALA_CIRURGICA (HOSPITAL, NUMERO, TIPO_EQUIPAMENTO, QUANTIDADE) VALUES ('4321FEDCBA', 101, 'MAQUINA DE CIRCULACAO EXTRACORPOREA', 1);
INSERT INTO EQUIPAMENTO_SALA_CIRURGICA (HOSPITAL, NUMERO, TIPO_EQUIPAMENTO, QUANTIDADE) VALUES ('4321FEDCBA', 101, 'DESFIBRILADOR', 1);

--MEDICOS
INSERT INTO PESSOA (ID, CPF, NOME, ESTADO, CIDADE, BAIRRO, RUA, NUMERO, TELEFONE1, TELEFONE2) 
    VALUES ('AAAA1111AAAA1111', '123.456.789-09', 'JOAO CARLOS MENDES','SP', 'SAO PAULO', 'CENTRO', 'RUA ALPHA', 100, '(11)91234-1111', '(22)92222-2222');
INSERT INTO PESSOA (ID, CPF, NOME, ESTADO, CIDADE, BAIRRO, RUA, NUMERO) 
    VALUES ('AAAA1111AAAA2222', '987.654.321-00', 'MARIA SILVA OLIVEIRA','RJ', 'RIO DE JANEIRO', 'TIJUCA', 'RUA BETA', 200);
INSERT INTO PESSOA (ID, CPF, NOME) 
    VALUES ('AAAA1111AAAA3333', '000.000.000-00', 'JOSE JOAO JORIVALDO');
INSERT INTO PESSOA (ID, CPF, NOME) 
    VALUES ('AAAA1111AAAA4444', '111.111.111-11', 'PETER PARKER');
--ENFERMEIROS
INSERT INTO PESSOA (ID, CPF, NOME, TELEFONE1) 
    VALUES ('AAAA1111BBBB1111', '111.222.333-96', 'CARLA PEREIRA SANTOS', '(31)93456-3333');
INSERT INTO PESSOA (ID, CPF, NOME) 
    VALUES ('AAAA1111BBBB2222', '222.333.444-05', 'PAULO ROBERTO LIMA');
INSERT INTO PESSOA (ID, CPF, NOME) 
    VALUES ('AAAA1111BBBB3333', '222.222.222-22', 'PEDRO GONZALES');
INSERT INTO PESSOA (ID, CPF, NOME) 
    VALUES ('AAAA1111BBBB4444', '333.333.333-33', 'MACHADO DE ASSIS');
--PACIENTES COMUNS
INSERT INTO PESSOA (ID, CPF, NOME, TELEFONE1) 
    VALUES ('BBBB1111AAAA1111', '333.444.555-08', 'ANA BEATRIZ COSTA','(51)95678-5555');
--DOADORES
INSERT INTO PESSOA (ID, CPF, NOME) 
    VALUES ('BBBB1111BBBB1111', '444.555.666-19', 'LUCAS HENRIQUE SOUZA');
INSERT INTO PESSOA (ID, CPF, NOME) 
    VALUES ('BBBB1111BBBB2222', '741.852.963-55', 'SAMUEL VERONEZ');
--RECEPTORES
INSERT INTO PESSOA (ID, CPF, NOME) 
    VALUES ('BBBB1111CCCC1111', '852.963.741-00', 'PEDRO SALMAZE');
INSERT INTO PESSOA (ID, CPF, NOME) 
    VALUES ('BBBB1111CCCC2222', '963.741.852-00', 'MAURICIO RICARDO');
INSERT INTO PESSOA (ID, CPF, NOME) 
    VALUES ('BBBB1111CCCC3333', '159.753.486-25', 'TIAGO LUIS');
--EX-RECEPTORES
INSERT INTO PESSOA (ID, CPF, NOME) 
    VALUES ('BBBB1111DDDD1111', '268.357.149-60', 'NADIA CAZARIM');
INSERT INTO PESSOA (ID, CPF, NOME) 
    VALUES ('BBBB1111DDDD2222', '546.123.852-17', 'JULIANO PEIXOTO');
--EX-DOADORES
INSERT INTO PESSOA (ID, CPF, NOME) 
    VALUES ('BBBB1111EEEE1111', '987.987.987-23', 'OTAVIO PRESTES');
INSERT INTO PESSOA (ID, CPF, NOME) 
    VALUES ('BBBB1111EEEE2222', '987.456.123-82', 'CAMILA RAMOS');    

INSERT INTO FUNCIONARIO (PESSOA, FUNCAO) VALUES ('AAAA1111AAAA1111', 'M');
INSERT INTO FUNCIONARIO (PESSOA, FUNCAO) VALUES ('AAAA1111AAAA2222', 'M');
INSERT INTO FUNCIONARIO (PESSOA, FUNCAO) VALUES ('AAAA1111AAAA3333', 'M');
INSERT INTO FUNCIONARIO (PESSOA, FUNCAO) VALUES ('AAAA1111AAAA4444', 'M');
INSERT INTO FUNCIONARIO (PESSOA, FUNCAO) VALUES ('AAAA1111BBBB1111', 'E');
INSERT INTO FUNCIONARIO (PESSOA, FUNCAO) VALUES ('AAAA1111BBBB2222', 'E');
INSERT INTO FUNCIONARIO (PESSOA, FUNCAO) VALUES ('AAAA1111BBBB3333', 'E');
INSERT INTO FUNCIONARIO (PESSOA, FUNCAO) VALUES ('AAAA1111BBBB4444', 'E');

INSERT INTO MEDICO (FUNCIONARIO, CRM, VALIDADE_CRM, ESPECIALIZACAO) VALUES ('AAAA1111AAAA1111', '123456-SP', DATE '2028-12-31', 'CIRURGIA GERAL');
INSERT INTO MEDICO (FUNCIONARIO, CRM, VALIDADE_CRM, ESPECIALIZACAO) VALUES ('AAAA1111AAAA2222', '666666-SP', DATE '2028-10-21', 'CIRURGIA GERAL');
INSERT INTO MEDICO (FUNCIONARIO, CRM, VALIDADE_CRM, ESPECIALIZACAO) VALUES ('AAAA1111AAAA3333', '777777-RJ', DATE '2028-01-14', 'CIRURGIA CARDIOVASCULAR');
INSERT INTO MEDICO (FUNCIONARIO, CRM, VALIDADE_CRM, ESPECIALIZACAO) VALUES ('AAAA1111AAAA4444', '888888-RJ', DATE '2028-05-31', 'CIRURGIA CARDIOVASCULAR');

INSERT INTO ENFERMEIRO (FUNCIONARIO, COREN, VALIDADE_COREN) VALUES ('AAAA1111BBBB1111', '543210-ENF SP', DATE '2027-06-30');
INSERT INTO ENFERMEIRO (FUNCIONARIO, COREN, VALIDADE_COREN) VALUES ('AAAA1111BBBB2222', '678901-ENF MG', DATE '2026-09-15');
INSERT INTO ENFERMEIRO (FUNCIONARIO, COREN, VALIDADE_COREN) VALUES ('AAAA1111BBBB3333', '123654-ENF RJ', DATE '2028-12-05');
INSERT INTO ENFERMEIRO (FUNCIONARIO, COREN, VALIDADE_COREN) VALUES ('AAAA1111BBBB4444', '789654-ENF ES', DATE '2029-02-10');

--COMUNS
INSERT INTO PACIENTE (PESSOA, SEXO, NASCIMENTO, OBITO, COR, PESO) VALUES ('BBBB1111AAAA1111', 'F', DATE '1978-07-01', TO_DATE ('2025-03-13 17:27:45', 'YYYY-MM-DD HH24:MI:SS'), 'PRETO', 91.30);
--DOADORES
INSERT INTO PACIENTE (PESSOA, SEXO, NASCIMENTO, COR, PESO) VALUES ('BBBB1111BBBB1111', 'M', DATE '1995-02-18', 'AMARELO', 59.10);
INSERT INTO PACIENTE (PESSOA, SEXO, NASCIMENTO, COR, PESO) VALUES ('BBBB1111BBBB2222', 'M', DATE '2001-09-09', 'PARDO', 77.00);
--RECEPTORES
INSERT INTO PACIENTE (PESSOA, SEXO, NASCIMENTO, COR, PESO) VALUES ('BBBB1111CCCC1111', 'M', DATE '1990-11-19', 'PARDO', 60.00);
INSERT INTO PACIENTE (PESSOA, SEXO, NASCIMENTO, COR, PESO) VALUES ('BBBB1111CCCC2222', 'M', DATE '2012-02-29', 'BRANCO', 170.00);
INSERT INTO PACIENTE (PESSOA, SEXO, NASCIMENTO, COR, PESO) VALUES ('BBBB1111CCCC3333', 'M', DATE '2001-05-24', 'PRETO', 88.00);
--EX-RECEPTORES
INSERT INTO PACIENTE (PESSOA, SEXO, NASCIMENTO, COR, PESO) VALUES ('BBBB1111DDDD1111', 'F', DATE '2000-01-08', 'AMARELO', 57.00);
INSERT INTO PACIENTE (PESSOA, SEXO, NASCIMENTO, COR, PESO) VALUES ('BBBB1111DDDD2222', 'M', DATE '2000-01-08', 'INDIGENA', 59.00);
--EX-DOADORES
INSERT INTO PACIENTE (PESSOA, SEXO, NASCIMENTO, OBITO, COR, PESO) VALUES ('BBBB1111EEEE1111', 'M', DATE '2000-01-08', TO_DATE('2025-10-15 05:29:00', 'YYYY-MM-DD HH24:MI:SS'), 'BRANCO', 78.00);
INSERT INTO PACIENTE (PESSOA, SEXO, NASCIMENTO, COR, PESO) VALUES ('BBBB1111EEEE2222', 'F', DATE '2002-03-15', 'AMARELO', 65.00);


INSERT INTO ESPECIALIZACAO_PACIENTE (PACIENTE, TIPO) VALUES ('BBBB1111BBBB1111', 'D');
INSERT INTO ESPECIALIZACAO_PACIENTE (PACIENTE, TIPO) VALUES ('BBBB1111BBBB2222', 'D');
INSERT INTO ESPECIALIZACAO_PACIENTE (PACIENTE, TIPO) VALUES ('BBBB1111CCCC1111', 'R');
INSERT INTO ESPECIALIZACAO_PACIENTE (PACIENTE, TIPO) VALUES ('BBBB1111CCCC2222', 'R');
INSERT INTO ESPECIALIZACAO_PACIENTE (PACIENTE, TIPO) VALUES ('BBBB1111CCCC3333', 'R');

INSERT INTO TRABALHA (FUNCIONARIO, HOSPITAL) VALUES ('AAAA1111AAAA1111', 'ABCDEF1234');
INSERT INTO TRABALHA (FUNCIONARIO, HOSPITAL) VALUES ('AAAA1111AAAA2222', 'ABCDEF1234');
INSERT INTO TRABALHA (FUNCIONARIO, HOSPITAL) VALUES ('AAAA1111AAAA3333', '4321FEDCBA');
INSERT INTO TRABALHA (FUNCIONARIO, HOSPITAL) VALUES ('AAAA1111AAAA4444', '4321FEDCBA');
INSERT INTO TRABALHA (FUNCIONARIO, HOSPITAL) VALUES ('AAAA1111BBBB1111', 'ABCDEF1234');
INSERT INTO TRABALHA (FUNCIONARIO, HOSPITAL) VALUES ('AAAA1111BBBB2222', 'ABCDEF1234');
INSERT INTO TRABALHA (FUNCIONARIO, HOSPITAL) VALUES ('AAAA1111BBBB3333', '4321FEDCBA');
INSERT INTO TRABALHA (FUNCIONARIO, HOSPITAL) VALUES ('AAAA1111BBBB4444', '4321FEDCBA');

INSERT INTO HISTORICO_PACIENTE (PACIENTE, DATA_HORARIO, CID, DESCRICAO)
    VALUES ('BBBB1111AAAA1111',TO_DATE('2025-01-10 14:25:00','YYYY-MM-DD HH24:MI:SS'),'J45','CRISE DE ASMA CONTROLADA');
INSERT INTO HISTORICO_PACIENTE (PACIENTE, DATA_HORARIO, CID, DESCRICAO)
    VALUES ('BBBB1111AAAA1111',TO_DATE('2025-02-02 09:10:30','YYYY-MM-DD HH24:MI:SS'),'I10','HIPERTENSAO ARTERIAL ESTAVEL');    

INSERT INTO RECEPTOR_ESPERA (RECEPTOR, TIPO_ORGAO, PRIORIDADE) VALUES ('BBBB1111CCCC1111', 'RIM', 1);
INSERT INTO RECEPTOR_ESPERA (RECEPTOR, TIPO_ORGAO, PRIORIDADE) VALUES ('BBBB1111CCCC2222', 'FIGADO', 1);
INSERT INTO RECEPTOR_ESPERA (RECEPTOR, TIPO_ORGAO, PRIORIDADE) VALUES ('BBBB1111CCCC3333', 'CORACAO', 1);

INSERT INTO DOADOR_DOA (DOADOR, TIPO_ORGAO) VALUES ('BBBB1111BBBB1111', 'RIM');
INSERT INTO DOADOR_DOA (DOADOR, TIPO_ORGAO) VALUES ('BBBB1111BBBB1111', 'CORACAO');
INSERT INTO DOADOR_DOA (DOADOR, TIPO_ORGAO) VALUES ('BBBB1111BBBB2222', 'FIGADO');

INSERT INTO EXAME (PACIENTE, LABORATORIO, DATA_HORARIO, TIPO, MEDICO_SUPERVISOR, RESULTADO) 
    VALUES ('BBBB1111BBBB2222','111111',TO_DATE('2022-03-10 08:30:00','YYYY-MM-DD HH24:MI:SS'),'HEMOGRAMA COMPLETO','AAAA1111AAAA1111','TIPO SANGUINEO O-, HLA-A*273');
INSERT INTO EXAME (PACIENTE, LABORATORIO, DATA_HORARIO, TIPO, MEDICO_SUPERVISOR, RESULTADO) 
    VALUES ('BBBB1111DDDD1111','111111',TO_DATE('2021-01-20 06:30:00','YYYY-MM-DD HH24:MI:SS'),'HEMOGRAMA COMPLETO','AAAA1111AAAA1111','TIPO SANGUINEO A+, HLA-A*273');
INSERT INTO EXAME (PACIENTE, LABORATORIO, DATA_HORARIO, TIPO, MEDICO_SUPERVISOR, RESULTADO) 
    VALUES ('BBBB1111EEEE1111','222222',TO_DATE('2017-05-12 07:15:00','YYYY-MM-DD HH24:MI:SS'),'HEMOGRAMA COMPLETO','AAAA1111AAAA3333','TIPO SANGUINEO B+, HLA-C*321');
INSERT INTO EXAME (PACIENTE, LABORATORIO, DATA_HORARIO, TIPO, MEDICO_SUPERVISOR, RESULTADO) 
    VALUES ('BBBB1111DDDD2222','222222',TO_DATE('2019-02-10 14:30:00','YYYY-MM-DD HH24:MI:SS'),'HEMOGRAMA COMPLETO','AAAA1111AAAA3333','TIPO SANGUINEO AB+, HLA-C*321');
INSERT INTO EXAME (PACIENTE, LABORATORIO, DATA_HORARIO, TIPO, MEDICO_SUPERVISOR, RESULTADO) 
    VALUES ('BBBB1111CCCC1111','111111',TO_DATE('2024-02-20 17:30:00','YYYY-MM-DD HH24:MI:SS'),'HEMOGRAMA COMPLETO','AAAA1111AAAA1111','TIPO SANGUINEO O+, HLA-C*321');
INSERT INTO EXAME (PACIENTE, LABORATORIO, DATA_HORARIO, TIPO, MEDICO_SUPERVISOR, RESULTADO) 
    VALUES ('BBBB1111CCCC2222','111111',TO_DATE('2024-04-20 14:30:00','YYYY-MM-DD HH24:MI:SS'),'HEMOGRAMA COMPLETO','AAAA1111AAAA2222','TIPO SANGUINEO B+, HLA-C*321');
INSERT INTO EXAME (PACIENTE, LABORATORIO, DATA_HORARIO, TIPO, MEDICO_SUPERVISOR, RESULTADO) 
    VALUES ('BBBB1111CCCC3333','111111',TO_DATE('2024-06-12 17:45:00','YYYY-MM-DD HH24:MI:SS'),'HEMOGRAMA COMPLETO','AAAA1111AAAA2222','TIPO SANGUINEO AB-, HLA-C*321');    
INSERT INTO EXAME (PACIENTE, LABORATORIO, DATA_HORARIO, TIPO, MEDICO_SUPERVISOR, RESULTADO) 
    VALUES ('BBBB1111BBBB1111','111111',TO_DATE('2024-03-15 18:00:00','YYYY-MM-DD HH24:MI:SS'),'HEMOGRAMA COMPLETO','AAAA1111AAAA1111','TIPO SANGUINEO O+, HLA-C*321'); 
INSERT INTO EXAME (PACIENTE, LABORATORIO, DATA_HORARIO, TIPO, MEDICO_SUPERVISOR, RESULTADO) 
    VALUES ('BBBB1111EEEE2222','222222',TO_DATE('2018-05-21 10:15:00','YYYY-MM-DD HH24:MI:SS'),'HEMOGRAMA COMPLETO','AAAA1111AAAA4444','TIPO SANGUINEO B-, HLA-C*321');
     
INSERT INTO INTERNACAO (PACIENTE, HOSPITAL, NUMERO, DATA_HORARIO_ENTRADA, DATA_HORARIO_ALTA)
    VALUES ('BBBB1111BBBB2222','ABCDEF1234',2,TO_DATE('2025-05-10 08:00:00','YYYY-MM-DD HH24:MI:SS'),TO_DATE('2025-05-15 09:30:00','YYYY-MM-DD HH24:MI:SS'));
INSERT INTO INTERNACAO (PACIENTE, HOSPITAL, NUMERO, DATA_HORARIO_ENTRADA, DATA_HORARIO_ALTA)
    VALUES ('BBBB1111DDDD1111','ABCDEF1234',3,TO_DATE('2025-02-12 23:42:00','YYYY-MM-DD HH24:MI:SS'),TO_DATE('2025-05-15 09:30:00','YYYY-MM-DD HH24:MI:SS'));
INSERT INTO INTERNACAO (PACIENTE, HOSPITAL, NUMERO, DATA_HORARIO_ENTRADA, DATA_HORARIO_ALTA)
    VALUES ('BBBB1111EEEE1111','4321FEDCBA',1,TO_DATE('2025-10-13 07:45:00','YYYY-MM-DD HH24:MI:SS'),TO_DATE('2025-10-15 06:00:00','YYYY-MM-DD HH24:MI:SS'));
INSERT INTO INTERNACAO (PACIENTE, HOSPITAL, NUMERO, DATA_HORARIO_ENTRADA, DATA_HORARIO_ALTA)
    VALUES ('BBBB1111DDDD2222','4321FEDCBA',2,TO_DATE('2025-08-23 11:17:00','YYYY-MM-DD HH24:MI:SS'),TO_DATE('2025-10-30 14:00:00','YYYY-MM-DD HH24:MI:SS'));

INSERT INTO CIRURGIA (PACIENTE, HOSPITAL, NUMERO_SALA, DATA_HORARIO_INICIO, DATA_HORARIO_TERMINO, TIPO)
    VALUES ('BBBB1111BBBB2222','ABCDEF1234',20,TO_DATE('2025-05-10 11:00:00','YYYY-MM-DD HH24:MI:SS'),TO_DATE('2025-05-10 16:00:00','YYYY-MM-DD HH24:MI:SS'),'C');
INSERT INTO CIRURGIA (PACIENTE, HOSPITAL, NUMERO_SALA, DATA_HORARIO_INICIO, DATA_HORARIO_TERMINO, TIPO)
    VALUES ('BBBB1111DDDD1111','ABCDEF1234',21,TO_DATE('2025-05-10 12:00:00','YYYY-MM-DD HH24:MI:SS'),TO_DATE('2025-05-10 18:00:00','YYYY-MM-DD HH24:MI:SS'),'R');
INSERT INTO CIRURGIA (PACIENTE, HOSPITAL, NUMERO_SALA, DATA_HORARIO_INICIO, DATA_HORARIO_TERMINO, TIPO)
    VALUES ('BBBB1111EEEE1111','4321FEDCBA',100,TO_DATE('2025-10-15 06:15:00','YYYY-MM-DD HH24:MI:SS'),TO_DATE('2025-10-15 11:00:00','YYYY-MM-DD HH24:MI:SS'),'C');
INSERT INTO CIRURGIA (PACIENTE, HOSPITAL, NUMERO_SALA, DATA_HORARIO_INICIO, DATA_HORARIO_TERMINO, TIPO)
    VALUES ('BBBB1111DDDD2222','4321FEDCBA',101,TO_DATE('2025-10-15 07:00:00','YYYY-MM-DD HH24:MI:SS'),TO_DATE('2025-10-15 14:00:00','YYYY-MM-DD HH24:MI:SS'),'R');
INSERT INTO CIRURGIA (PACIENTE, HOSPITAL, NUMERO_SALA, DATA_HORARIO_INICIO, DATA_HORARIO_TERMINO)
    VALUES ('BBBB1111AAAA1111','ABCDEF1234',20,TO_DATE('2025-03-13 15:00:00','YYYY-MM-DD HH24:MI:SS'),TO_DATE('2025-03-13 18:12:32','YYYY-MM-DD HH24:MI:SS'));
INSERT INTO CIRURGIA (PACIENTE, HOSPITAL, NUMERO_SALA, DATA_HORARIO_INICIO, DATA_HORARIO_TERMINO, TIPO)
    VALUES ('BBBB1111EEEE2222','4321FEDCBA',100,TO_DATE('2018-06-12 14:15:00','YYYY-MM-DD HH24:MI:SS'),TO_DATE('2018-06-12 18:00:00','YYYY-MM-DD HH24:MI:SS'),'C');
INSERT INTO CIRURGIA (PACIENTE, HOSPITAL, NUMERO_SALA, DATA_HORARIO_INICIO, DATA_HORARIO_TERMINO, TIPO)
    VALUES ('BBBB1111EEEE1111','4321FEDCBA',101,TO_DATE('2018-06-12 15:15:00','YYYY-MM-DD HH24:MI:SS'),TO_DATE('2018-06-12 19:35:00','YYYY-MM-DD HH24:MI:SS'),'R');

INSERT INTO CIRURGIA_COLETA (CIRURGIA) VALUES (1);
INSERT INTO CIRURGIA_COLETA (CIRURGIA) VALUES (3);
INSERT INTO CIRURGIA_COLETA (CIRURGIA) VALUES (6);

INSERT INTO CIRURGIA_RECEPCAO (CIRURGIA) VALUES (2);
INSERT INTO CIRURGIA_RECEPCAO (CIRURGIA) VALUES (4);
INSERT INTO CIRURGIA_RECEPCAO (CIRURGIA) VALUES (7);

INSERT INTO OPERA (MEDICO, CIRURGIA) VALUES ('AAAA1111AAAA1111', 1);
INSERT INTO OPERA (MEDICO, CIRURGIA) VALUES ('AAAA1111AAAA2222', 2);
INSERT INTO OPERA (MEDICO, CIRURGIA) VALUES ('AAAA1111AAAA3333', 3);
INSERT INTO OPERA (MEDICO, CIRURGIA) VALUES ('AAAA1111AAAA4444', 4);

INSERT INTO AUXILIA (ENFERMEIRO, CIRURGIA) VALUES ('AAAA1111BBBB1111', 1);
INSERT INTO AUXILIA (ENFERMEIRO, CIRURGIA) VALUES ('AAAA1111BBBB2222', 2);
INSERT INTO AUXILIA (ENFERMEIRO, CIRURGIA) VALUES ('AAAA1111BBBB3333', 3);
INSERT INTO AUXILIA (ENFERMEIRO, CIRURGIA) VALUES ('AAAA1111BBBB4444', 4);

INSERT INTO ORGAO (TIPO, COLETA, LADO, RECEPCAO, TAMANHO, PESO, TIPO_SANGUINEO, RH, HLA)
    VALUES ('RIM', 1, 'DIREITO', 2, 12, 0.15, 'O', '-', 'HLA-A*273');
INSERT INTO ORGAO (TIPO, COLETA, LADO, RECEPCAO, TAMANHO, PESO, TIPO_SANGUINEO, RH, HLA)
    VALUES('CORACAO', 3, 'INDIFERENTE', 4, 12, 0.3, 'B', '+', 'HLA-C*321');
INSERT INTO ORGAO (TIPO, COLETA, LADO, RECEPCAO, TAMANHO, PESO, TIPO_SANGUINEO, RH, HLA)
    VALUES('FIGADO', 3, 'INDIFERENTE', NULL, 14, 1.4, 'B', '-', 'HLA-C*321');
INSERT INTO ORGAO (TIPO, COLETA, LADO, RECEPCAO, TAMANHO, PESO, TIPO_SANGUINEO, RH, HLA)
    VALUES('PANCREAS', 3, 'INDIFERENTE', NULL, 17, 0.1, 'B', '+', 'HLA-C*321');
INSERT INTO ORGAO (TIPO, COLETA, LADO, RECEPCAO, TAMANHO, PESO, TIPO_SANGUINEO, RH, HLA)
    VALUES('PULMAO', 3, 'ESQUERDO', NULL, 25, 0.25, 'B', '+', 'HLA-C*321');
INSERT INTO ORGAO (TIPO, COLETA, LADO, RECEPCAO, TAMANHO, PESO, TIPO_SANGUINEO, RH, HLA)
    VALUES('PULMAO', 3, 'DIREITO', NULL, 25, 0.285, 'B', '+', 'HLA-C*321');
INSERT INTO ORGAO (TIPO, COLETA, LADO, RECEPCAO, TAMANHO, PESO, TIPO_SANGUINEO, RH, HLA)
    VALUES('RIM', 3, 'ESQUERDO', NULL, 12, 0.05, 'B', '+', 'HLA-C*321');
INSERT INTO ORGAO (TIPO, COLETA, LADO, RECEPCAO, TAMANHO, PESO, TIPO_SANGUINEO, RH, HLA)
    VALUES('RIM', 3, 'DIREITO', NULL, 12, 0.15, 'B', '+', 'HLA-C*321');
INSERT INTO ORGAO (TIPO, COLETA, LADO, RECEPCAO, TAMANHO, PESO, TIPO_SANGUINEO, RH, HLA)
    VALUES('FIGADO', 6, 'INDIFERENTE', 7, 14, 1.4, 'B', '-', 'HLA-C*321');
    
EXEC DBMS_STATS.GATHER_SCHEMA_STATS(NULL, NULL);